"","algo2","target","algo1","timestamp","global_number","choosen_algo"
"1","hutchinson","140-l-0159051-0190162-minor2go-minor2go-type-guitar-alynia","mashability",2020-05-22 12:13:44,5,0
"2","roman_diss","140-l-0159051-0190162-minor2go-minor2go-type-guitar-alynia","mashability_onlyh",2020-05-22 12:14:19,9,0
"3","tiv_beatwise","140-l-0159051-0190162-minor2go-minor2go-type-guitar-alynia","mashability_onlyh",2020-05-22 12:14:27,10,0
"4","tiv_framewise","140-l-0159051-0190162-minor2go-minor2go-type-guitar-alynia","mashability_onlyh",2020-05-22 12:14:35,11,0
"5","tiv_whole","140-l-0159051-0190162-minor2go-minor2go-type-guitar-alynia","mashability_onlyh",2020-05-22 12:14:41,12,0
"6","hutchinson","140-l-0159051-0190162-minor2go-minor2go-type-guitar-alynia","mashability_onlyh",2020-05-22 12:14:49,13,0
"7","p_harmon","140-l-0159051-0190162-minor2go-minor2go-type-guitar-alynia","mashability_onlyh",2020-05-22 12:14:55,14,0
"8","e_dissonance","140-l-0159051-0190162-minor2go-minor2go-type-guitar-alynia","roman_diss",2020-05-22 14:48:51,22,0
"9","e_dissonance","140-l-0159051-0190162-minor2go-minor2go-type-guitar-alynia","hutchinson",2020-05-22 23:48:46,40,0
"10","mashability_onlyh","140-l-0173158-0154547-cmk-hard-piano-140b","mashability",2020-05-22 23:51:03,45,0
"11","hutchinson","140-l-0173158-0154547-cmk-hard-piano-140b","mashability",2020-05-23 15:19:04,50,0
"12","inharmonicity","140-l-0173158-0154547-cmk-hard-piano-140b","mashability",2020-05-23 15:20:21,53,0
"13","p_harmon","140-l-0173158-0154547-cmk-hard-piano-140b","mashability_onlyh",2020-05-23 15:28:30,59,0
"14","inharmonicity","140-l-0173158-0154547-cmk-hard-piano-140b","mashability_onlyh",2020-05-23 15:29:09,61,0
"15","tiv_whole","140-l-0173158-0154547-cmk-hard-piano-140b","roman_diss",2020-05-24 11:03:52,64,0
"16","hutchinson","140-l-0173158-0154547-cmk-hard-piano-140b","roman_diss",2020-05-24 11:04:14,65,0
"17","tiv_whole","140-l-0173158-0154547-cmk-hard-piano-140b","tiv_beatwise",2020-05-24 11:06:10,70,0
"18","hutchinson","140-l-0173158-0154547-cmk-hard-piano-140b","tiv_framewise",2020-05-24 11:07:22,76,0
"19","mashability_onlyh","140-l-0321618-0117600-dj4kat-susurri-synth-loo","mashability",2020-05-26 06:05:19,90,0
"20","p_harmon","140-l-0321618-0117600-dj4kat-susurri-synth-loo","mashability",2020-05-26 08:25:49,96,0
"21","p_harmon","140-l-0321618-0117600-dj4kat-susurri-synth-loo","mashability",2020-05-26 08:26:12,96,0
"22","p_harmon","140-l-0321618-0117600-dj4kat-susurri-synth-loo","mashability",2020-05-26 08:25:53,96,0
"23","tiv_framewise","140-l-0321618-0117600-dj4kat-susurri-synth-loo","mashability_onlyh",2020-05-26 09:24:48,101,0
"24","tiv_beatwise","140-l-0321618-0117600-dj4kat-susurri-synth-loo","roman_diss",2020-05-26 09:27:45,107,0
"25","tiv_whole","140-l-0321618-0117600-dj4kat-susurri-synth-loo","roman_diss",2020-05-26 09:32:03,109,0
"26","e_dissonance","140-l-0321618-0117600-dj4kat-susurri-synth-loo","roman_diss",2020-05-26 09:32:35,112,0
"27","e_dissonance","140-l-0321618-0117600-dj4kat-susurri-synth-loo","tiv_beatwise",2020-05-26 09:33:55,118,0
"28","tiv_framewise","140-l-0340535-0144544-piano-chord-progression-for-edm-or-dubste","mashability",2020-05-26 12:24:17,138,0
"29","e_dissonance","140-l-0340535-0144544-piano-chord-progression-for-edm-or-dubste","mashability",2020-05-26 10:29:08,142,0
"30","hutchinson","140-l-0340535-0144544-piano-chord-progression-for-edm-or-dubste","roman_diss",2020-05-26 11:20:24,155,0
"31","inharmonicity","140-l-0340535-0144544-piano-chord-progression-for-edm-or-dubste","roman_diss",2020-05-26 11:21:35,158,0
"32","tiv_whole","140-l-0340535-0144544-piano-chord-progression-for-edm-or-dubste","tiv_framewise",2020-05-26 12:01:14,165,0
"33","e_dissonance","140-l-0340535-0144544-piano-chord-progression-for-edm-or-dubste","hutchinson",2020-05-26 12:06:56,175,0
"34","e_dissonance","140-l-0340535-0144544-piano-chord-progression-for-edm-or-dubste","p_harmon",2020-05-26 12:07:44,177,0
"35","tiv_whole","140-l-0345547-0055403-cufool-air-synth","roman_diss",2020-05-26 12:30:40,199,0
"36","hutchinson","140-l-0345547-0055403-cufool-air-synth","roman_diss",2020-05-26 12:31:04,200,0
"37","hutchinson","140-l-0345547-0055403-cufool-air-synth","tiv_framewise",2020-05-26 12:34:09,211,0
"38","p_harmon","140-l-0345547-0055403-cufool-air-synth","tiv_framewise",2020-05-26 12:34:19,212,0
"39","p_harmon","140-l-0345547-0055403-cufool-air-synth","hutchinson",2020-05-26 12:36:53,219,0
"40","mashability_onlyh","140-l-0420981-0051273-zatch-trance-pad-2-edit","mashability",2020-05-26 13:19:20,225,0
"41","tiv_beatwise","140-l-0420981-0051273-zatch-trance-pad-2-edit","mashability",2020-05-26 13:20:37,227,0
"42","tiv_whole","140-l-0420981-0051273-zatch-trance-pad-2-edit","mashability",2020-05-26 13:21:39,229,0
"43","p_harmon","140-l-0420981-0051273-zatch-trance-pad-2-edit","mashability",2020-05-26 13:22:42,231,0
"44","tiv_framewise","140-l-0420981-0051273-zatch-trance-pad-2-edit","mashability_onlyh",2020-05-26 13:28:17,236,0
"45","hutchinson","140-l-0420981-0051273-zatch-trance-pad-2-edit","roman_diss",2020-05-26 13:56:48,245,0
"46","e_dissonance","140-l-0420981-0051273-zatch-trance-pad-2-edit","roman_diss",2020-05-26 13:58:00,247,0
"47","inharmonicity","140-l-0420981-0051273-zatch-trance-pad-2-edit","roman_diss",2020-05-26 13:58:24,248,0
"48","hutchinson","140-l-0420981-0051273-zatch-trance-pad-2-edit","tiv_beatwise",2020-05-26 14:00:05,251,0
"49","hutchinson","140-l-0420981-0051273-zatch-trance-pad-2-edit","tiv_whole",2020-05-26 14:11:02,260,0
"50","mashability_onlyh","140-l-0643834-0056295-xray731-trap-muzik-ar","mashability",2020-05-26 14:22:45,270,0
"51","roman_diss","140-l-0643834-0056295-xray731-trap-muzik-ar","mashability",2020-05-26 14:23:09,271,0
"52","tiv_whole","140-l-0643834-0056295-xray731-trap-muzik-ar","mashability",2020-05-26 14:26:50,274,0
"53","tiv_whole","140-l-0643834-0056295-xray731-trap-muzik-ar","mashability_onlyh",2020-05-26 14:28:59,282,0
"54","tiv_whole","140-l-0643834-0056295-xray731-trap-muzik-ar","mashability_onlyh",2020-05-30 23:30:38,282,0
"55","p_harmon","140-l-0643834-0056295-xray731-trap-muzik-ar","tiv_beatwise",2020-05-30 09:34:51,297,0
"56","e_dissonance","140-l-0643834-0056295-xray731-trap-muzik-ar","tiv_beatwise",2020-05-30 09:34:41,298,0
"57","tiv_whole","140-l-0643834-0056295-xray731-trap-muzik-ar","tiv_framewise",2020-05-30 09:34:19,300,0
"58","p_harmon","140-l-0643834-0056295-xray731-trap-muzik-ar","tiv_framewise",2020-05-30 09:33:49,302,0
"59","e_dissonance","140-l-0643834-0056295-xray731-trap-muzik-ar","tiv_framewise",2020-05-30 09:33:39,303,0
"60","e_dissonance","140-l-0643834-0056295-xray731-trap-muzik-ar","p_harmon",2020-05-26 15:26:10,312,0
"61","mashability_onlyh","140-l-0857244-0070940-rojo95-lights-remix-vocal-2","mashability",2020-05-26 15:27:15,315,0
"62","mashability_onlyh","140-l-0857244-0070940-rojo95-lights-remix-vocal-2","mashability",2020-05-29 09:06:51,315,0
"63","tiv_whole","140-l-0857244-0070940-rojo95-lights-remix-vocal-2","mashability",2020-05-29 09:05:43,319,0
"64","tiv_framewise","140-l-0857244-0070940-rojo95-lights-remix-vocal-2","mashability_onlyh",2020-05-28 09:24:59,326,0
"65","tiv_whole","140-l-0857244-0070940-rojo95-lights-remix-vocal-2","mashability_onlyh",2020-05-28 09:24:52,327,0
"66","hutchinson","140-l-0857244-0070940-rojo95-lights-remix-vocal-2","mashability_onlyh",2020-05-28 09:24:40,328,0
"67","p_harmon","140-l-0857244-0070940-rojo95-lights-remix-vocal-2","mashability_onlyh",2020-05-28 09:24:32,329,0
"68","e_dissonance","140-l-0857244-0070940-rojo95-lights-remix-vocal-2","mashability_onlyh",2020-05-28 09:24:24,330,0
"69","inharmonicity","140-l-0857244-0070940-rojo95-lights-remix-vocal-2","mashability_onlyh",2020-05-28 09:24:09,331,0
"70","tiv_beatwise","140-l-0857244-0070940-rojo95-lights-remix-vocal-2","roman_diss",2020-05-26 15:43:09,332,0
"71","tiv_beatwise","140-l-0857244-0070940-rojo95-lights-remix-vocal-2","roman_diss",2020-05-28 09:23:54,332,0
"72","tiv_framewise","140-l-0857244-0070940-rojo95-lights-remix-vocal-2","roman_diss",2020-05-28 09:23:45,333,0
"73","tiv_whole","140-l-0857244-0070940-rojo95-lights-remix-vocal-2","roman_diss",2020-05-28 09:23:30,334,0
"74","hutchinson","140-l-0857244-0070940-rojo95-lights-remix-vocal-2","roman_diss",2020-05-26 15:44:15,335,0
"75","hutchinson","140-l-0857244-0070940-rojo95-lights-remix-vocal-2","roman_diss",2020-05-28 09:23:13,335,0
"76","p_harmon","140-l-0857244-0070940-rojo95-lights-remix-vocal-2","roman_diss",2020-05-28 09:22:58,336,0
"77","e_dissonance","140-l-0857244-0070940-rojo95-lights-remix-vocal-2","roman_diss",2020-05-26 15:44:51,337,0
"78","e_dissonance","140-l-0857244-0070940-rojo95-lights-remix-vocal-2","roman_diss",2020-05-28 09:22:47,337,0
"79","inharmonicity","140-l-0857244-0070940-rojo95-lights-remix-vocal-2","roman_diss",2020-05-28 09:22:30,338,0
"80","tiv_framewise","140-l-0857244-0070940-rojo95-lights-remix-vocal-2","tiv_beatwise",2020-05-28 09:22:08,339,0
"81","tiv_whole","140-l-0857244-0070940-rojo95-lights-remix-vocal-2","tiv_beatwise",2020-05-28 09:21:52,340,0
"82","inharmonicity","140-l-0857244-0070940-rojo95-lights-remix-vocal-2","tiv_beatwise",2020-05-27 18:12:39,344,0
"83","hutchinson","140-l-0857244-0070940-rojo95-lights-remix-vocal-2","tiv_framewise",2020-05-26 16:15:05,346,0
"84","e_dissonance","140-l-0857244-0070940-rojo95-lights-remix-vocal-2","tiv_framewise",2020-05-26 16:16:00,348,0
"85","inharmonicity","140-l-0857244-0070940-rojo95-lights-remix-vocal-2","tiv_whole",2020-05-26 16:17:58,353,0
"86","e_dissonance","140-l-0857244-0070940-rojo95-lights-remix-vocal-2","p_harmon",2020-05-27 15:45:17,357,0
"87","inharmonicity","140-l-0857244-0070940-rojo95-lights-remix-vocal-2","e_dissonance",2020-05-26 16:25:22,359,0
"88","roman_diss","140-l-0920952-0134130-bass-never-turn-back-akaleboss","mashability_onlyh",2020-05-26 16:30:11,369,0
"89","roman_diss","140-l-0920952-0134130-bass-never-turn-back-akaleboss","mashability_onlyh",2020-05-27 13:28:41,369,0
"90","tiv_framewise","140-l-0920952-0134130-bass-never-turn-back-akaleboss","mashability_onlyh",2020-05-27 13:27:27,371,0
"91","tiv_framewise","140-l-0920952-0134130-bass-never-turn-back-akaleboss","mashability_onlyh",2020-05-26 20:06:25,371,0
"92","hutchinson","140-l-0920952-0134130-bass-never-turn-back-akaleboss","mashability_onlyh",2020-05-26 20:07:19,373,0
"93","hutchinson","140-l-0920952-0134130-bass-never-turn-back-akaleboss","mashability_onlyh",2020-05-27 13:26:13,373,0
"94","e_dissonance","140-l-0920952-0134130-bass-never-turn-back-akaleboss","mashability_onlyh",2020-05-26 20:08:20,375,0
"95","tiv_framewise","140-l-0920952-0134130-bass-never-turn-back-akaleboss","roman_diss",2020-05-27 12:35:14,378,0
"96","hutchinson","140-l-0920952-0134130-bass-never-turn-back-akaleboss","roman_diss",2020-05-26 21:34:15,380,0
"97","hutchinson","140-l-0920952-0134130-bass-never-turn-back-akaleboss","roman_diss",2020-05-27 12:34:44,380,0
"98","e_dissonance","140-l-0920952-0134130-bass-never-turn-back-akaleboss","roman_diss",2020-05-27 12:34:22,382,0
"99","tiv_whole","140-l-0920952-0134130-bass-never-turn-back-akaleboss","tiv_beatwise",2020-05-27 12:33:11,385,0
"100","inharmonicity","140-l-0920952-0134130-bass-never-turn-back-akaleboss","tiv_beatwise",2020-05-27 12:31:43,389,0
"101","e_dissonance","140-l-0920952-0134130-bass-never-turn-back-akaleboss","tiv_framewise",2020-05-27 00:50:53,393,0
"102","p_harmon","140-l-0920952-0134130-bass-never-turn-back-akaleboss","tiv_whole",2020-05-27 09:27:09,396,0
"103","p_harmon","140-l-0920952-0134130-bass-never-turn-back-akaleboss","hutchinson",2020-05-27 00:53:35,399,0
"104","e_dissonance","140-l-0920952-0134130-bass-never-turn-back-akaleboss","hutchinson",2020-05-27 00:53:46,400,0
"105","e_dissonance","140-l-0920952-0134130-bass-never-turn-back-akaleboss","p_harmon",2020-05-27 00:54:13,402,0
"106","mashability_onlyh","140-l-0159051-0190162-minor2go-minor2go-type-guitar-alynia","mashability",2020-05-27 00:55:20,0,1
"107","mashability_onlyh","140-l-0159051-0190162-minor2go-minor2go-type-guitar-alynia","mashability",2020-05-22 12:11:49,0,1
"108","roman_diss","140-l-0159051-0190162-minor2go-minor2go-type-guitar-alynia","mashability",2020-05-22 12:12:05,1,1
"109","tiv_framewise","140-l-0159051-0190162-minor2go-minor2go-type-guitar-alynia","mashability",2020-05-22 12:12:35,3,1
"110","tiv_whole","140-l-0159051-0190162-minor2go-minor2go-type-guitar-alynia","mashability",2020-05-22 12:13:31,4,1
"111","p_harmon","140-l-0159051-0190162-minor2go-minor2go-type-guitar-alynia","mashability",2020-05-22 12:13:52,6,1
"112","e_dissonance","140-l-0159051-0190162-minor2go-minor2go-type-guitar-alynia","mashability",2020-05-22 12:14:03,7,1
"113","inharmonicity","140-l-0159051-0190162-minor2go-minor2go-type-guitar-alynia","mashability",2020-05-22 12:14:11,8,1
"114","e_dissonance","140-l-0159051-0190162-minor2go-minor2go-type-guitar-alynia","mashability_onlyh",2020-05-22 12:57:43,15,1
"115","inharmonicity","140-l-0159051-0190162-minor2go-minor2go-type-guitar-alynia","mashability_onlyh",2020-05-22 14:38:15,16,1
"116","hutchinson","140-l-0159051-0190162-minor2go-minor2go-type-guitar-alynia","roman_diss",2020-05-22 14:48:10,20,1
"117","tiv_framewise","140-l-0159051-0190162-minor2go-minor2go-type-guitar-alynia","tiv_beatwise",2020-05-22 14:49:36,24,1
"118","tiv_whole","140-l-0159051-0190162-minor2go-minor2go-type-guitar-alynia","tiv_beatwise",2020-05-22 14:49:51,25,1
"119","hutchinson","140-l-0159051-0190162-minor2go-minor2go-type-guitar-alynia","tiv_beatwise",2020-05-22 14:49:59,26,1
"120","p_harmon","140-l-0159051-0190162-minor2go-minor2go-type-guitar-alynia","tiv_beatwise",2020-05-22 14:50:05,27,1
"121","e_dissonance","140-l-0159051-0190162-minor2go-minor2go-type-guitar-alynia","tiv_beatwise",2020-05-22 14:50:12,28,1
"122","inharmonicity","140-l-0159051-0190162-minor2go-minor2go-type-guitar-alynia","tiv_beatwise",2020-05-22 14:50:20,29,1
"123","tiv_whole","140-l-0159051-0190162-minor2go-minor2go-type-guitar-alynia","tiv_framewise",2020-05-22 14:50:48,30,1
"124","hutchinson","140-l-0159051-0190162-minor2go-minor2go-type-guitar-alynia","tiv_framewise",2020-05-22 14:50:58,31,1
"125","p_harmon","140-l-0159051-0190162-minor2go-minor2go-type-guitar-alynia","tiv_framewise",2020-05-22 23:43:18,32,1
"126","e_dissonance","140-l-0159051-0190162-minor2go-minor2go-type-guitar-alynia","tiv_framewise",2020-05-22 23:44:45,33,1
"127","inharmonicity","140-l-0159051-0190162-minor2go-minor2go-type-guitar-alynia","tiv_framewise",2020-05-22 23:45:24,34,1
"128","hutchinson","140-l-0159051-0190162-minor2go-minor2go-type-guitar-alynia","tiv_whole",2020-05-22 23:46:01,35,1
"129","p_harmon","140-l-0159051-0190162-minor2go-minor2go-type-guitar-alynia","tiv_whole",2020-05-22 23:46:47,36,1
"130","e_dissonance","140-l-0159051-0190162-minor2go-minor2go-type-guitar-alynia","tiv_whole",2020-05-22 23:46:59,37,1
"131","inharmonicity","140-l-0159051-0190162-minor2go-minor2go-type-guitar-alynia","tiv_whole",2020-05-22 23:47:26,38,1
"132","inharmonicity","140-l-0159051-0190162-minor2go-minor2go-type-guitar-alynia","p_harmon",2020-05-22 23:49:58,43,1
"133","roman_diss","140-l-0173158-0154547-cmk-hard-piano-140b","mashability",2020-05-22 23:51:27,46,1
"134","p_harmon","140-l-0173158-0154547-cmk-hard-piano-140b","mashability",2020-05-23 15:19:27,51,1
"135","roman_diss","140-l-0173158-0154547-cmk-hard-piano-140b","mashability_onlyh",2020-05-23 15:20:39,54,1
"136","hutchinson","140-l-0173158-0154547-cmk-hard-piano-140b","mashability_onlyh",2020-05-23 15:27:48,58,1
"137","tiv_framewise","140-l-0173158-0154547-cmk-hard-piano-140b","roman_diss",2020-05-24 11:03:26,63,1
"138","p_harmon","140-l-0173158-0154547-cmk-hard-piano-140b","roman_diss",2020-05-24 11:04:36,66,1
"139","e_dissonance","140-l-0173158-0154547-cmk-hard-piano-140b","roman_diss",2020-05-24 11:04:52,67,1
"140","inharmonicity","140-l-0173158-0154547-cmk-hard-piano-140b","roman_diss",2020-05-24 11:05:12,68,1
"141","tiv_framewise","140-l-0173158-0154547-cmk-hard-piano-140b","tiv_beatwise",2020-05-24 11:05:44,69,1
"142","hutchinson","140-l-0173158-0154547-cmk-hard-piano-140b","tiv_beatwise",2020-05-24 11:06:20,71,1
"143","p_harmon","140-l-0173158-0154547-cmk-hard-piano-140b","tiv_beatwise",2020-05-24 11:06:35,72,1
"144","e_dissonance","140-l-0173158-0154547-cmk-hard-piano-140b","tiv_beatwise",2020-05-24 11:06:43,73,1
"145","inharmonicity","140-l-0173158-0154547-cmk-hard-piano-140b","tiv_beatwise",2020-05-24 11:06:55,74,1
"146","p_harmon","140-l-0173158-0154547-cmk-hard-piano-140b","tiv_framewise",2020-05-26 06:01:20,77,1
"147","e_dissonance","140-l-0173158-0154547-cmk-hard-piano-140b","tiv_framewise",2020-05-26 06:01:30,78,1
"148","inharmonicity","140-l-0173158-0154547-cmk-hard-piano-140b","tiv_framewise",2020-05-26 06:01:41,79,1
"149","p_harmon","140-l-0173158-0154547-cmk-hard-piano-140b","tiv_whole",2020-05-26 06:02:32,81,1
"150","e_dissonance","140-l-0173158-0154547-cmk-hard-piano-140b","tiv_whole",2020-05-26 06:02:39,82,1
"151","p_harmon","140-l-0173158-0154547-cmk-hard-piano-140b","hutchinson",2020-05-26 06:02:58,84,1
"152","e_dissonance","140-l-0173158-0154547-cmk-hard-piano-140b","hutchinson",2020-05-26 06:03:04,85,1
"153","e_dissonance","140-l-0173158-0154547-cmk-hard-piano-140b","p_harmon",2020-05-26 06:03:30,87,1
"154","tiv_framewise","140-l-0321618-0117600-dj4kat-susurri-synth-loo","mashability",2020-05-26 08:24:46,93,1
"155","hutchinson","140-l-0321618-0117600-dj4kat-susurri-synth-loo","mashability",2020-05-26 08:25:14,95,1
"156","p_harmon","140-l-0321618-0117600-dj4kat-susurri-synth-loo","mashability",2020-05-26 08:26:13,96,1
"157","p_harmon","140-l-0321618-0117600-dj4kat-susurri-synth-loo","mashability",2020-05-26 08:25:37,96,1
"158","inharmonicity","140-l-0321618-0117600-dj4kat-susurri-synth-loo","mashability",2020-05-26 08:26:43,98,1
"159","roman_diss","140-l-0321618-0117600-dj4kat-susurri-synth-loo","mashability_onlyh",2020-05-26 08:27:09,99,1
"160","e_dissonance","140-l-0321618-0117600-dj4kat-susurri-synth-loo","mashability_onlyh",2020-05-26 09:25:17,105,1
"161","p_harmon","140-l-0321618-0117600-dj4kat-susurri-synth-loo","roman_diss",2020-05-26 09:32:18,111,1
"162","tiv_framewise","140-l-0321618-0117600-dj4kat-susurri-synth-loo","tiv_beatwise",2020-05-26 09:33:12,114,1
"163","p_harmon","140-l-0321618-0117600-dj4kat-susurri-synth-loo","tiv_beatwise",2020-05-26 09:33:44,117,1
"164","inharmonicity","140-l-0321618-0117600-dj4kat-susurri-synth-loo","tiv_beatwise",2020-05-26 09:34:10,119,1
"165","p_harmon","140-l-0321618-0117600-dj4kat-susurri-synth-loo","tiv_framewise",2020-05-26 09:59:22,122,1
"166","p_harmon","140-l-0321618-0117600-dj4kat-susurri-synth-loo","tiv_whole",2020-05-26 10:01:19,126,1
"167","inharmonicity","140-l-0321618-0117600-dj4kat-susurri-synth-loo","tiv_whole",2020-05-26 10:01:49,128,1
"168","p_harmon","140-l-0321618-0117600-dj4kat-susurri-synth-loo","hutchinson",2020-05-26 10:02:00,129,1
"169","e_dissonance","140-l-0321618-0117600-dj4kat-susurri-synth-loo","hutchinson",2020-05-26 10:02:14,130,1
"170","inharmonicity","140-l-0321618-0117600-dj4kat-susurri-synth-loo","hutchinson",2020-05-26 10:02:22,131,1
"171","inharmonicity","140-l-0321618-0117600-dj4kat-susurri-synth-loo","p_harmon",2020-05-26 10:02:45,133,1
"172","inharmonicity","140-l-0321618-0117600-dj4kat-susurri-synth-loo","e_dissonance",2020-05-26 10:02:56,134,1
"173","hutchinson","140-l-0340535-0144544-piano-chord-progression-for-edm-or-dubste","mashability",2020-05-26 12:24:41,140,1
"174","roman_diss","140-l-0340535-0144544-piano-chord-progression-for-edm-or-dubste","mashability_onlyh",2020-05-26 10:29:30,144,1
"175","hutchinson","140-l-0340535-0144544-piano-chord-progression-for-edm-or-dubste","mashability_onlyh",2020-05-26 10:46:51,148,1
"176","p_harmon","140-l-0340535-0144544-piano-chord-progression-for-edm-or-dubste","mashability_onlyh",2020-05-26 10:50:19,149,1
"177","e_dissonance","140-l-0340535-0144544-piano-chord-progression-for-edm-or-dubste","mashability_onlyh",2020-05-26 11:17:14,150,1
"178","inharmonicity","140-l-0340535-0144544-piano-chord-progression-for-edm-or-dubste","mashability_onlyh",2020-05-26 11:18:10,151,1
"179","p_harmon","140-l-0340535-0144544-piano-chord-progression-for-edm-or-dubste","roman_diss",2020-05-26 11:20:49,156,1
"180","e_dissonance","140-l-0340535-0144544-piano-chord-progression-for-edm-or-dubste","roman_diss",2020-05-26 11:21:12,157,1
"181","tiv_framewise","140-l-0340535-0144544-piano-chord-progression-for-edm-or-dubste","tiv_beatwise",2020-05-26 11:22:38,159,1
"182","hutchinson","140-l-0340535-0144544-piano-chord-progression-for-edm-or-dubste","tiv_beatwise",2020-05-26 11:23:13,161,1
"183","p_harmon","140-l-0340535-0144544-piano-chord-progression-for-edm-or-dubste","tiv_beatwise",2020-05-26 11:23:28,162,1
"184","e_dissonance","140-l-0340535-0144544-piano-chord-progression-for-edm-or-dubste","tiv_beatwise",2020-05-26 11:23:42,163,1
"185","inharmonicity","140-l-0340535-0144544-piano-chord-progression-for-edm-or-dubste","tiv_beatwise",2020-05-26 11:23:55,164,1
"186","hutchinson","140-l-0340535-0144544-piano-chord-progression-for-edm-or-dubste","tiv_framewise",2020-05-26 12:03:33,166,1
"187","p_harmon","140-l-0340535-0144544-piano-chord-progression-for-edm-or-dubste","tiv_framewise",2020-05-26 12:03:59,167,1
"188","e_dissonance","140-l-0340535-0144544-piano-chord-progression-for-edm-or-dubste","tiv_framewise",2020-05-26 12:04:26,168,1
"189","inharmonicity","140-l-0340535-0144544-piano-chord-progression-for-edm-or-dubste","tiv_framewise",2020-05-26 12:04:47,169,1
"190","hutchinson","140-l-0340535-0144544-piano-chord-progression-for-edm-or-dubste","tiv_whole",2020-05-26 12:05:14,170,1
"191","p_harmon","140-l-0340535-0144544-piano-chord-progression-for-edm-or-dubste","tiv_whole",2020-05-26 12:05:24,171,1
"192","e_dissonance","140-l-0340535-0144544-piano-chord-progression-for-edm-or-dubste","tiv_whole",2020-05-26 12:05:31,172,1
"193","inharmonicity","140-l-0340535-0144544-piano-chord-progression-for-edm-or-dubste","tiv_whole",2020-05-26 12:05:43,173,1
"194","inharmonicity","140-l-0340535-0144544-piano-chord-progression-for-edm-or-dubste","hutchinson",2020-05-26 12:07:20,176,1
"195","inharmonicity","140-l-0340535-0144544-piano-chord-progression-for-edm-or-dubste","p_harmon",2020-05-26 12:07:57,178,1
"196","inharmonicity","140-l-0340535-0144544-piano-chord-progression-for-edm-or-dubste","e_dissonance",2020-05-26 12:08:05,179,1
"197","mashability_onlyh","140-l-0345547-0055403-cufool-air-synth","mashability",2020-05-26 12:22:19,180,1
"198","roman_diss","140-l-0345547-0055403-cufool-air-synth","mashability",2020-05-26 12:22:59,181,1
"199","tiv_beatwise","140-l-0345547-0055403-cufool-air-synth","mashability",2020-05-26 12:23:26,182,1
"200","tiv_framewise","140-l-0345547-0055403-cufool-air-synth","mashability",2020-05-26 12:23:54,183,1
"201","tiv_whole","140-l-0345547-0055403-cufool-air-synth","mashability",2020-05-26 12:24:12,184,1
"202","hutchinson","140-l-0345547-0055403-cufool-air-synth","mashability",2020-05-26 12:24:29,185,1
"203","p_harmon","140-l-0345547-0055403-cufool-air-synth","mashability",2020-05-26 12:24:48,186,1
"204","e_dissonance","140-l-0345547-0055403-cufool-air-synth","mashability",2020-05-26 12:25:07,187,1
"205","inharmonicity","140-l-0345547-0055403-cufool-air-synth","mashability",2020-05-26 12:25:23,188,1
"206","roman_diss","140-l-0345547-0055403-cufool-air-synth","mashability_onlyh",2020-05-26 12:25:48,189,1
"207","tiv_beatwise","140-l-0345547-0055403-cufool-air-synth","mashability_onlyh",2020-05-26 12:26:12,190,1
"208","tiv_whole","140-l-0345547-0055403-cufool-air-synth","mashability_onlyh",2020-05-26 12:26:36,192,1
"209","hutchinson","140-l-0345547-0055403-cufool-air-synth","mashability_onlyh",2020-05-26 12:26:45,193,1
"210","p_harmon","140-l-0345547-0055403-cufool-air-synth","mashability_onlyh",2020-05-26 12:27:02,194,1
"211","p_harmon","140-l-0345547-0055403-cufool-air-synth","roman_diss",2020-05-26 12:31:21,201,1
"212","tiv_whole","140-l-0345547-0055403-cufool-air-synth","tiv_beatwise",2020-05-26 12:33:11,205,1
"213","hutchinson","140-l-0345547-0055403-cufool-air-synth","tiv_beatwise",2020-05-26 12:32:47,206,1
"214","p_harmon","140-l-0345547-0055403-cufool-air-synth","tiv_beatwise",2020-05-26 12:33:02,207,1
"215","e_dissonance","140-l-0345547-0055403-cufool-air-synth","tiv_beatwise",2020-05-26 12:33:43,208,1
"216","e_dissonance","140-l-0345547-0055403-cufool-air-synth","tiv_beatwise",2020-05-26 12:33:17,208,1
"217","e_dissonance","140-l-0345547-0055403-cufool-air-synth","tiv_beatwise",2020-05-26 12:33:29,208,1
"218","inharmonicity","140-l-0345547-0055403-cufool-air-synth","tiv_beatwise",2020-05-26 12:33:40,209,1
"219","e_dissonance","140-l-0345547-0055403-cufool-air-synth","tiv_framewise",2020-05-26 12:35:09,213,1
"220","inharmonicity","140-l-0345547-0055403-cufool-air-synth","tiv_framewise",2020-05-26 12:35:20,214,1
"221","hutchinson","140-l-0345547-0055403-cufool-air-synth","tiv_whole",2020-05-26 12:36:17,215,1
"222","p_harmon","140-l-0345547-0055403-cufool-air-synth","tiv_whole",2020-05-26 12:36:26,216,1
"223","e_dissonance","140-l-0345547-0055403-cufool-air-synth","tiv_whole",2020-05-26 12:36:36,217,1
"224","inharmonicity","140-l-0345547-0055403-cufool-air-synth","tiv_whole",2020-05-26 12:36:45,218,1
"225","e_dissonance","140-l-0345547-0055403-cufool-air-synth","p_harmon",2020-05-26 13:17:21,222,1
"226","roman_diss","140-l-0420981-0051273-zatch-trance-pad-2-edit","mashability",2020-05-26 13:20:05,226,1
"227","tiv_framewise","140-l-0420981-0051273-zatch-trance-pad-2-edit","mashability",2020-05-26 13:21:13,228,1
"228","hutchinson","140-l-0420981-0051273-zatch-trance-pad-2-edit","mashability",2020-05-26 13:22:04,230,1
"229","e_dissonance","140-l-0420981-0051273-zatch-trance-pad-2-edit","mashability",2020-05-26 13:23:08,232,1
"230","roman_diss","140-l-0420981-0051273-zatch-trance-pad-2-edit","mashability_onlyh",2020-05-26 13:24:06,234,1
"231","tiv_whole","140-l-0420981-0051273-zatch-trance-pad-2-edit","mashability_onlyh",2020-05-26 13:28:55,237,1
"232","hutchinson","140-l-0420981-0051273-zatch-trance-pad-2-edit","mashability_onlyh",2020-05-26 13:30:02,238,1
"233","p_harmon","140-l-0420981-0051273-zatch-trance-pad-2-edit","mashability_onlyh",2020-05-26 13:31:15,239,1
"234","e_dissonance","140-l-0420981-0051273-zatch-trance-pad-2-edit","mashability_onlyh",2020-05-26 13:31:58,240,1
"235","tiv_framewise","140-l-0420981-0051273-zatch-trance-pad-2-edit","roman_diss",2020-05-26 13:54:49,243,1
"236","p_harmon","140-l-0420981-0051273-zatch-trance-pad-2-edit","roman_diss",2020-05-26 13:57:29,246,1
"237","tiv_framewise","140-l-0420981-0051273-zatch-trance-pad-2-edit","tiv_beatwise",2020-05-26 13:58:59,249,1
"238","tiv_whole","140-l-0420981-0051273-zatch-trance-pad-2-edit","tiv_beatwise",2020-05-26 13:59:25,250,1
"239","p_harmon","140-l-0420981-0051273-zatch-trance-pad-2-edit","tiv_beatwise",2020-05-26 14:00:14,252,1
"240","e_dissonance","140-l-0420981-0051273-zatch-trance-pad-2-edit","tiv_beatwise",2020-05-26 14:00:33,253,1
"241","inharmonicity","140-l-0420981-0051273-zatch-trance-pad-2-edit","tiv_beatwise",2020-05-26 14:00:42,254,1
"242","p_harmon","140-l-0420981-0051273-zatch-trance-pad-2-edit","tiv_framewise",2020-05-26 14:01:19,257,1
"243","e_dissonance","140-l-0420981-0051273-zatch-trance-pad-2-edit","tiv_framewise",2020-05-26 14:09:23,258,1
"244","p_harmon","140-l-0420981-0051273-zatch-trance-pad-2-edit","tiv_whole",2020-05-26 14:11:40,261,1
"245","e_dissonance","140-l-0420981-0051273-zatch-trance-pad-2-edit","tiv_whole",2020-05-26 14:12:07,262,1
"246","inharmonicity","140-l-0420981-0051273-zatch-trance-pad-2-edit","tiv_whole",2020-05-26 14:13:26,263,1
"247","e_dissonance","140-l-0420981-0051273-zatch-trance-pad-2-edit","hutchinson",2020-05-26 14:20:38,265,1
"248","e_dissonance","140-l-0420981-0051273-zatch-trance-pad-2-edit","p_harmon",2020-05-26 14:21:37,267,1
"249","inharmonicity","140-l-0420981-0051273-zatch-trance-pad-2-edit","p_harmon",2020-05-26 14:21:56,268,1
"250","tiv_beatwise","140-l-0643834-0056295-xray731-trap-muzik-ar","roman_diss",2020-05-30 23:29:39,287,1
"251","tiv_framewise","140-l-0643834-0056295-xray731-trap-muzik-ar","roman_diss",2020-05-26 14:37:43,288,1
"252","tiv_framewise","140-l-0643834-0056295-xray731-trap-muzik-ar","roman_diss",2020-05-30 23:29:27,288,1
"253","tiv_whole","140-l-0643834-0056295-xray731-trap-muzik-ar","roman_diss",2020-05-26 14:38:21,289,1
"254","tiv_whole","140-l-0643834-0056295-xray731-trap-muzik-ar","roman_diss",2020-05-30 23:28:58,289,1
"255","hutchinson","140-l-0643834-0056295-xray731-trap-muzik-ar","roman_diss",2020-05-26 14:38:54,290,1
"256","p_harmon","140-l-0643834-0056295-xray731-trap-muzik-ar","roman_diss",2020-05-30 23:28:27,291,1
"257","p_harmon","140-l-0643834-0056295-xray731-trap-muzik-ar","roman_diss",2020-05-26 14:39:11,291,1
"258","e_dissonance","140-l-0643834-0056295-xray731-trap-muzik-ar","roman_diss",2020-05-30 23:28:04,292,1
"259","e_dissonance","140-l-0643834-0056295-xray731-trap-muzik-ar","roman_diss",2020-05-26 14:39:31,292,1
"260","tiv_framewise","140-l-0643834-0056295-xray731-trap-muzik-ar","tiv_beatwise",2020-05-26 14:40:12,294,1
"261","tiv_whole","140-l-0643834-0056295-xray731-trap-muzik-ar","tiv_beatwise",2020-05-26 14:40:31,295,1
"262","tiv_whole","140-l-0643834-0056295-xray731-trap-muzik-ar","tiv_beatwise",2020-05-30 23:25:41,295,1
"263","hutchinson","140-l-0643834-0056295-xray731-trap-muzik-ar","tiv_beatwise",2020-05-26 14:40:48,296,1
"264","p_harmon","140-l-0643834-0056295-xray731-trap-muzik-ar","tiv_beatwise",2020-05-26 14:41:03,297,1
"265","e_dissonance","140-l-0643834-0056295-xray731-trap-muzik-ar","tiv_beatwise",2020-05-26 14:41:17,298,1
"266","tiv_whole","140-l-0643834-0056295-xray731-trap-muzik-ar","tiv_framewise",2020-05-26 14:41:53,300,1
"267","p_harmon","140-l-0643834-0056295-xray731-trap-muzik-ar","tiv_framewise",2020-05-26 14:42:21,302,1
"268","p_harmon","140-l-0643834-0056295-xray731-trap-muzik-ar","tiv_whole",2020-05-30 09:32:49,306,1
"269","e_dissonance","140-l-0643834-0056295-xray731-trap-muzik-ar","tiv_whole",2020-05-30 09:32:32,307,1
"270","e_dissonance","140-l-0643834-0056295-xray731-trap-muzik-ar","tiv_whole",2020-05-26 15:15:45,307,1
"271","p_harmon","140-l-0643834-0056295-xray731-trap-muzik-ar","hutchinson",2020-05-26 15:16:20,309,1
"272","p_harmon","140-l-0643834-0056295-xray731-trap-muzik-ar","hutchinson",2020-05-30 09:31:54,309,1
"273","e_dissonance","140-l-0643834-0056295-xray731-trap-muzik-ar","hutchinson",2020-05-26 15:25:16,310,1
"274","e_dissonance","140-l-0643834-0056295-xray731-trap-muzik-ar","hutchinson",2020-05-30 09:31:16,310,1
"275","e_dissonance","140-l-0643834-0056295-xray731-trap-muzik-ar","p_harmon",2020-05-29 09:07:50,312,1
"276","roman_diss","140-l-0857244-0070940-rojo95-lights-remix-vocal-2","mashability",2020-05-29 09:06:33,316,1
"277","tiv_beatwise","140-l-0857244-0070940-rojo95-lights-remix-vocal-2","mashability",2020-05-26 15:27:51,317,1
"278","tiv_framewise","140-l-0857244-0070940-rojo95-lights-remix-vocal-2","mashability",2020-05-29 09:05:55,318,1
"279","tiv_whole","140-l-0857244-0070940-rojo95-lights-remix-vocal-2","mashability",2020-05-26 15:28:26,319,1
"280","hutchinson","140-l-0857244-0070940-rojo95-lights-remix-vocal-2","mashability",2020-05-29 09:05:22,320,1
"281","p_harmon","140-l-0857244-0070940-rojo95-lights-remix-vocal-2","mashability",2020-05-26 15:28:52,321,1
"282","p_harmon","140-l-0857244-0070940-rojo95-lights-remix-vocal-2","mashability",2020-05-29 09:05:04,321,1
"283","e_dissonance","140-l-0857244-0070940-rojo95-lights-remix-vocal-2","mashability",2020-05-29 09:04:49,322,1
"284","e_dissonance","140-l-0857244-0070940-rojo95-lights-remix-vocal-2","mashability",2020-05-26 15:29:05,322,1
"285","roman_diss","140-l-0857244-0070940-rojo95-lights-remix-vocal-2","mashability_onlyh",2020-05-29 09:04:11,324,1
"286","tiv_beatwise","140-l-0857244-0070940-rojo95-lights-remix-vocal-2","mashability_onlyh",2020-05-29 09:03:46,325,1
"287","tiv_beatwise","140-l-0857244-0070940-rojo95-lights-remix-vocal-2","mashability_onlyh",2020-05-26 15:30:22,325,1
"288","hutchinson","140-l-0857244-0070940-rojo95-lights-remix-vocal-2","mashability_onlyh",2020-05-26 15:41:30,328,1
"289","p_harmon","140-l-0857244-0070940-rojo95-lights-remix-vocal-2","mashability_onlyh",2020-05-26 15:41:59,329,1
"290","e_dissonance","140-l-0857244-0070940-rojo95-lights-remix-vocal-2","mashability_onlyh",2020-05-26 15:42:24,330,1
"291","tiv_whole","140-l-0857244-0070940-rojo95-lights-remix-vocal-2","roman_diss",2020-05-26 15:43:54,334,1
"292","p_harmon","140-l-0857244-0070940-rojo95-lights-remix-vocal-2","roman_diss",2020-05-26 15:44:32,336,1
"293","hutchinson","140-l-0857244-0070940-rojo95-lights-remix-vocal-2","tiv_beatwise",2020-05-26 16:10:45,341,1
"294","p_harmon","140-l-0857244-0070940-rojo95-lights-remix-vocal-2","tiv_beatwise",2020-05-26 16:11:11,342,1
"295","e_dissonance","140-l-0857244-0070940-rojo95-lights-remix-vocal-2","tiv_beatwise",2020-05-26 16:11:51,343,1
"296","e_dissonance","140-l-0857244-0070940-rojo95-lights-remix-vocal-2","tiv_beatwise",2020-05-27 18:12:55,343,1
"297","hutchinson","140-l-0857244-0070940-rojo95-lights-remix-vocal-2","tiv_framewise",2020-05-27 18:11:45,346,1
"298","p_harmon","140-l-0857244-0070940-rojo95-lights-remix-vocal-2","tiv_framewise",2020-05-26 16:15:32,347,1
"299","e_dissonance","140-l-0857244-0070940-rojo95-lights-remix-vocal-2","tiv_framewise",2020-05-27 18:10:54,348,1
"300","inharmonicity","140-l-0857244-0070940-rojo95-lights-remix-vocal-2","tiv_framewise",2020-05-27 18:10:30,349,1
"301","inharmonicity","140-l-0857244-0070940-rojo95-lights-remix-vocal-2","tiv_framewise",2020-05-26 16:16:29,349,1
"302","p_harmon","140-l-0857244-0070940-rojo95-lights-remix-vocal-2","tiv_whole",2020-05-26 16:17:13,351,1
"303","e_dissonance","140-l-0857244-0070940-rojo95-lights-remix-vocal-2","tiv_whole",2020-05-27 18:09:10,352,1
"304","p_harmon","140-l-0857244-0070940-rojo95-lights-remix-vocal-2","hutchinson",2020-05-27 18:08:30,354,1
"305","p_harmon","140-l-0857244-0070940-rojo95-lights-remix-vocal-2","hutchinson",2020-05-26 16:18:12,354,1
"306","e_dissonance","140-l-0857244-0070940-rojo95-lights-remix-vocal-2","hutchinson",2020-05-26 16:18:26,355,1
"307","e_dissonance","140-l-0857244-0070940-rojo95-lights-remix-vocal-2","hutchinson",2020-05-27 18:07:53,355,1
"308","mashability_onlyh","140-l-0920952-0134130-bass-never-turn-back-akaleboss","mashability",2020-05-26 16:26:15,360,1
"309","mashability_onlyh","140-l-0920952-0134130-bass-never-turn-back-akaleboss","mashability",2020-05-27 13:32:38,360,1
"310","roman_diss","140-l-0920952-0134130-bass-never-turn-back-akaleboss","mashability",2020-05-27 13:32:28,361,1
"311","tiv_framewise","140-l-0920952-0134130-bass-never-turn-back-akaleboss","mashability",2020-05-27 13:31:26,363,1
"312","hutchinson","140-l-0920952-0134130-bass-never-turn-back-akaleboss","mashability",2020-05-27 13:30:32,365,1
"313","p_harmon","140-l-0920952-0134130-bass-never-turn-back-akaleboss","mashability",2020-05-27 13:30:22,366,1
"314","e_dissonance","140-l-0920952-0134130-bass-never-turn-back-akaleboss","mashability",2020-05-27 13:29:50,367,1
"315","inharmonicity","140-l-0920952-0134130-bass-never-turn-back-akaleboss","mashability",2020-05-27 13:29:23,368,1
"316","tiv_framewise","140-l-0920952-0134130-bass-never-turn-back-akaleboss","tiv_beatwise",2020-05-27 12:33:56,384,1
"317","tiv_framewise","140-l-0920952-0134130-bass-never-turn-back-akaleboss","tiv_beatwise",2020-05-26 21:35:30,384,1
"318","hutchinson","140-l-0920952-0134130-bass-never-turn-back-akaleboss","tiv_beatwise",2020-05-27 12:32:52,386,1
"319","hutchinson","140-l-0920952-0134130-bass-never-turn-back-akaleboss","tiv_beatwise",2020-05-26 21:36:09,386,1
"320","p_harmon","140-l-0920952-0134130-bass-never-turn-back-akaleboss","tiv_beatwise",2020-05-26 21:36:20,387,1
"321","p_harmon","140-l-0920952-0134130-bass-never-turn-back-akaleboss","tiv_beatwise",2020-05-27 12:32:42,387,1
"322","e_dissonance","140-l-0920952-0134130-bass-never-turn-back-akaleboss","tiv_beatwise",2020-05-27 12:32:18,388,1
"323","e_dissonance","140-l-0920952-0134130-bass-never-turn-back-akaleboss","tiv_beatwise",2020-05-26 21:36:36,388,1
"324","hutchinson","140-l-0920952-0134130-bass-never-turn-back-akaleboss","tiv_framewise",2020-05-26 21:37:21,391,1
"325","hutchinson","140-l-0920952-0134130-bass-never-turn-back-akaleboss","tiv_whole",2020-05-27 09:27:16,395,1
"326","hutchinson","140-l-0920952-0134130-bass-never-turn-back-akaleboss","tiv_whole",2020-05-27 00:52:22,395,1
"327","p_harmon","140-l-0920952-0134130-bass-never-turn-back-akaleboss","tiv_whole",2020-05-27 00:52:46,396,1
"328","e_dissonance","140-l-0920952-0134130-bass-never-turn-back-akaleboss","tiv_whole",2020-05-27 09:26:43,397,1
"329","e_dissonance","140-l-0920952-0134130-bass-never-turn-back-akaleboss","tiv_whole",2020-05-27 00:53:05,397,1
"330","inharmonicity","140-l-0920952-0134130-bass-never-turn-back-akaleboss","tiv_whole",2020-05-27 00:53:21,398,1
"331","inharmonicity","140-l-0920952-0134130-bass-never-turn-back-akaleboss","tiv_whole",2020-05-27 09:26:34,398,1
"332","e_dissonance","140-l-0920952-0134130-bass-never-turn-back-akaleboss","hutchinson",2020-05-27 09:26:14,400,1
"333","e_dissonance","140-l-0920952-0134130-bass-never-turn-back-akaleboss","p_harmon",2020-05-27 09:25:27,402,1
"334","inharmonicity","140-l-0920952-0134130-bass-never-turn-back-akaleboss","p_harmon",2020-05-27 09:24:57,403,1
"335","tiv_beatwise","140-l-0159051-0190162-minor2go-minor2go-type-guitar-alynia","mashability",2020-05-22 12:12:27,2,2
"336","tiv_beatwise","140-l-0159051-0190162-minor2go-minor2go-type-guitar-alynia","roman_diss",2020-05-22 14:46:46,17,2
"337","tiv_framewise","140-l-0159051-0190162-minor2go-minor2go-type-guitar-alynia","roman_diss",2020-05-22 14:47:12,18,2
"338","tiv_whole","140-l-0159051-0190162-minor2go-minor2go-type-guitar-alynia","roman_diss",2020-05-22 14:47:35,19,2
"339","p_harmon","140-l-0159051-0190162-minor2go-minor2go-type-guitar-alynia","roman_diss",2020-05-22 14:48:25,21,2
"340","inharmonicity","140-l-0159051-0190162-minor2go-minor2go-type-guitar-alynia","roman_diss",2020-05-22 14:49:08,23,2
"341","p_harmon","140-l-0159051-0190162-minor2go-minor2go-type-guitar-alynia","hutchinson",2020-05-22 23:48:22,39,2
"342","inharmonicity","140-l-0159051-0190162-minor2go-minor2go-type-guitar-alynia","hutchinson",2020-05-22 23:49:16,41,2
"343","e_dissonance","140-l-0159051-0190162-minor2go-minor2go-type-guitar-alynia","p_harmon",2020-05-22 23:49:43,42,2
"344","inharmonicity","140-l-0159051-0190162-minor2go-minor2go-type-guitar-alynia","e_dissonance",2020-05-22 23:50:23,44,2
"345","tiv_beatwise","140-l-0173158-0154547-cmk-hard-piano-140b","mashability",2020-05-23 15:15:49,47,2
"346","tiv_framewise","140-l-0173158-0154547-cmk-hard-piano-140b","mashability",2020-05-23 15:16:27,48,2
"347","tiv_whole","140-l-0173158-0154547-cmk-hard-piano-140b","mashability",2020-05-23 15:17:10,49,2
"348","e_dissonance","140-l-0173158-0154547-cmk-hard-piano-140b","mashability",2020-05-23 15:19:50,52,2
"349","tiv_beatwise","140-l-0173158-0154547-cmk-hard-piano-140b","mashability_onlyh",2020-05-23 15:22:32,55,2
"350","tiv_framewise","140-l-0173158-0154547-cmk-hard-piano-140b","mashability_onlyh",2020-05-23 15:23:51,56,2
"351","tiv_whole","140-l-0173158-0154547-cmk-hard-piano-140b","mashability_onlyh",2020-05-23 15:26:38,57,2
"352","e_dissonance","140-l-0173158-0154547-cmk-hard-piano-140b","mashability_onlyh",2020-05-23 15:28:53,60,2
"353","tiv_beatwise","140-l-0173158-0154547-cmk-hard-piano-140b","roman_diss",2020-05-24 11:03:04,62,2
"354","tiv_whole","140-l-0173158-0154547-cmk-hard-piano-140b","tiv_framewise",2020-05-24 11:07:10,75,2
"355","hutchinson","140-l-0173158-0154547-cmk-hard-piano-140b","tiv_whole",2020-05-26 06:02:22,80,2
"356","inharmonicity","140-l-0173158-0154547-cmk-hard-piano-140b","tiv_whole",2020-05-26 06:02:48,83,2
"357","inharmonicity","140-l-0173158-0154547-cmk-hard-piano-140b","hutchinson",2020-05-26 06:03:23,86,2
"358","inharmonicity","140-l-0173158-0154547-cmk-hard-piano-140b","p_harmon",2020-05-26 06:03:40,88,2
"359","inharmonicity","140-l-0173158-0154547-cmk-hard-piano-140b","e_dissonance",2020-05-26 06:03:54,89,2
"360","roman_diss","140-l-0321618-0117600-dj4kat-susurri-synth-loo","mashability",2020-05-26 06:05:33,91,2
"361","tiv_beatwise","140-l-0321618-0117600-dj4kat-susurri-synth-loo","mashability",2020-05-26 08:23:44,92,2
"362","tiv_beatwise","140-l-0321618-0117600-dj4kat-susurri-synth-loo","mashability",2020-05-26 08:24:23,92,2
"363","tiv_framewise","140-l-0321618-0117600-dj4kat-susurri-synth-loo","mashability",2020-05-26 08:24:21,93,2
"364","tiv_whole","140-l-0321618-0117600-dj4kat-susurri-synth-loo","mashability",2020-05-26 08:25:14,94,2
"365","tiv_whole","140-l-0321618-0117600-dj4kat-susurri-synth-loo","mashability",2020-05-26 08:25:29,94,2
"366","tiv_whole","140-l-0321618-0117600-dj4kat-susurri-synth-loo","mashability",2020-05-26 08:24:53,94,2
"367","e_dissonance","140-l-0321618-0117600-dj4kat-susurri-synth-loo","mashability",2020-05-26 08:26:06,97,2
"368","inharmonicity","140-l-0321618-0117600-dj4kat-susurri-synth-loo","mashability",2020-05-26 08:26:49,98,2
"369","inharmonicity","140-l-0321618-0117600-dj4kat-susurri-synth-loo","mashability",2020-05-26 08:27:12,98,2
"370","inharmonicity","140-l-0321618-0117600-dj4kat-susurri-synth-loo","mashability",2020-05-26 08:27:37,98,2
"371","tiv_beatwise","140-l-0321618-0117600-dj4kat-susurri-synth-loo","mashability_onlyh",2020-05-26 08:27:37,100,2
"372","tiv_framewise","140-l-0321618-0117600-dj4kat-susurri-synth-loo","mashability_onlyh",2020-05-26 09:23:25,101,2
"373","tiv_whole","140-l-0321618-0117600-dj4kat-susurri-synth-loo","mashability_onlyh",2020-05-26 09:24:22,102,2
"374","hutchinson","140-l-0321618-0117600-dj4kat-susurri-synth-loo","mashability_onlyh",2020-05-26 09:24:28,103,2
"375","p_harmon","140-l-0321618-0117600-dj4kat-susurri-synth-loo","mashability_onlyh",2020-05-26 09:24:38,104,2
"376","e_dissonance","140-l-0321618-0117600-dj4kat-susurri-synth-loo","mashability_onlyh",2020-05-26 09:25:46,105,2
"377","inharmonicity","140-l-0321618-0117600-dj4kat-susurri-synth-loo","mashability_onlyh",2020-05-26 09:25:35,106,2
"378","tiv_beatwise","140-l-0321618-0117600-dj4kat-susurri-synth-loo","roman_diss",2020-05-26 09:27:49,107,2
"379","tiv_beatwise","140-l-0321618-0117600-dj4kat-susurri-synth-loo","roman_diss",2020-05-26 09:28:13,107,2
"380","tiv_framewise","140-l-0321618-0117600-dj4kat-susurri-synth-loo","roman_diss",2020-05-26 09:28:08,108,2
"381","tiv_whole","140-l-0321618-0117600-dj4kat-susurri-synth-loo","roman_diss",2020-05-26 09:30:33,109,2
"382","hutchinson","140-l-0321618-0117600-dj4kat-susurri-synth-loo","roman_diss",2020-05-26 09:31:54,110,2
"383","inharmonicity","140-l-0321618-0117600-dj4kat-susurri-synth-loo","roman_diss",2020-05-26 09:32:59,113,2
"384","tiv_whole","140-l-0321618-0117600-dj4kat-susurri-synth-loo","tiv_beatwise",2020-05-26 09:33:24,115,2
"385","hutchinson","140-l-0321618-0117600-dj4kat-susurri-synth-loo","tiv_beatwise",2020-05-26 09:33:35,116,2
"386","tiv_whole","140-l-0321618-0117600-dj4kat-susurri-synth-loo","tiv_framewise",2020-05-26 09:34:27,120,2
"387","hutchinson","140-l-0321618-0117600-dj4kat-susurri-synth-loo","tiv_framewise",2020-05-26 09:34:38,121,2
"388","e_dissonance","140-l-0321618-0117600-dj4kat-susurri-synth-loo","tiv_framewise",2020-05-26 10:00:15,123,2
"389","inharmonicity","140-l-0321618-0117600-dj4kat-susurri-synth-loo","tiv_framewise",2020-05-26 10:00:42,124,2
"390","hutchinson","140-l-0321618-0117600-dj4kat-susurri-synth-loo","tiv_whole",2020-05-26 10:01:04,125,2
"391","e_dissonance","140-l-0321618-0117600-dj4kat-susurri-synth-loo","tiv_whole",2020-05-26 10:01:32,127,2
"392","e_dissonance","140-l-0321618-0117600-dj4kat-susurri-synth-loo","p_harmon",2020-05-26 10:02:36,132,2
"393","mashability_onlyh","140-l-0340535-0144544-piano-chord-progression-for-edm-or-dubste","mashability",2020-05-26 10:03:16,135,2
"394","roman_diss","140-l-0340535-0144544-piano-chord-progression-for-edm-or-dubste","mashability",2020-05-26 10:03:38,136,2
"395","tiv_beatwise","140-l-0340535-0144544-piano-chord-progression-for-edm-or-dubste","mashability",2020-05-26 12:24:10,137,2
"396","tiv_whole","140-l-0340535-0144544-piano-chord-progression-for-edm-or-dubste","mashability",2020-05-26 12:24:33,139,2
"397","p_harmon","140-l-0340535-0144544-piano-chord-progression-for-edm-or-dubste","mashability",2020-05-26 10:28:55,141,2
"398","inharmonicity","140-l-0340535-0144544-piano-chord-progression-for-edm-or-dubste","mashability",2020-05-26 10:29:15,143,2
"399","tiv_beatwise","140-l-0340535-0144544-piano-chord-progression-for-edm-or-dubste","mashability_onlyh",2020-05-26 10:45:16,145,2
"400","tiv_framewise","140-l-0340535-0144544-piano-chord-progression-for-edm-or-dubste","mashability_onlyh",2020-05-26 10:45:44,146,2
"401","tiv_whole","140-l-0340535-0144544-piano-chord-progression-for-edm-or-dubste","mashability_onlyh",2020-05-26 10:46:19,147,2
"402","tiv_beatwise","140-l-0340535-0144544-piano-chord-progression-for-edm-or-dubste","roman_diss",2020-05-26 11:18:40,152,2
"403","tiv_framewise","140-l-0340535-0144544-piano-chord-progression-for-edm-or-dubste","roman_diss",2020-05-26 11:19:33,153,2
"404","tiv_whole","140-l-0340535-0144544-piano-chord-progression-for-edm-or-dubste","roman_diss",2020-05-26 11:20:01,154,2
"405","tiv_whole","140-l-0340535-0144544-piano-chord-progression-for-edm-or-dubste","tiv_beatwise",2020-05-26 11:22:57,160,2
"406","p_harmon","140-l-0340535-0144544-piano-chord-progression-for-edm-or-dubste","hutchinson",2020-05-26 12:06:26,174,2
"407","tiv_framewise","140-l-0345547-0055403-cufool-air-synth","mashability_onlyh",2020-05-26 12:26:22,191,2
"408","e_dissonance","140-l-0345547-0055403-cufool-air-synth","mashability_onlyh",2020-05-26 12:28:35,195,2
"409","inharmonicity","140-l-0345547-0055403-cufool-air-synth","mashability_onlyh",2020-05-26 12:28:55,196,2
"410","tiv_beatwise","140-l-0345547-0055403-cufool-air-synth","roman_diss",2020-05-26 12:29:51,197,2
"411","tiv_framewise","140-l-0345547-0055403-cufool-air-synth","roman_diss",2020-05-26 12:30:10,198,2
"412","e_dissonance","140-l-0345547-0055403-cufool-air-synth","roman_diss",2020-05-26 12:31:36,202,2
"413","inharmonicity","140-l-0345547-0055403-cufool-air-synth","roman_diss",2020-05-26 12:31:59,203,2
"414","inharmonicity","140-l-0345547-0055403-cufool-air-synth","roman_diss",2020-05-26 12:32:23,203,2
"415","tiv_framewise","140-l-0345547-0055403-cufool-air-synth","tiv_beatwise",2020-05-26 12:32:15,204,2
"416","tiv_whole","140-l-0345547-0055403-cufool-air-synth","tiv_beatwise",2020-05-26 12:32:33,205,2
"417","tiv_whole","140-l-0345547-0055403-cufool-air-synth","tiv_framewise",2020-05-26 12:33:57,210,2
"418","e_dissonance","140-l-0345547-0055403-cufool-air-synth","hutchinson",2020-05-26 12:37:02,220,2
"419","inharmonicity","140-l-0345547-0055403-cufool-air-synth","hutchinson",2020-05-26 13:16:25,221,2
"420","inharmonicity","140-l-0345547-0055403-cufool-air-synth","p_harmon",2020-05-26 13:17:59,223,2
"421","inharmonicity","140-l-0345547-0055403-cufool-air-synth","e_dissonance",2020-05-26 13:18:29,224,2
"422","inharmonicity","140-l-0420981-0051273-zatch-trance-pad-2-edit","mashability",2020-05-26 13:23:35,233,2
"423","tiv_beatwise","140-l-0420981-0051273-zatch-trance-pad-2-edit","mashability_onlyh",2020-05-26 13:24:45,235,2
"424","inharmonicity","140-l-0420981-0051273-zatch-trance-pad-2-edit","mashability_onlyh",2020-05-26 13:32:25,241,2
"425","tiv_beatwise","140-l-0420981-0051273-zatch-trance-pad-2-edit","roman_diss",2020-05-26 13:32:53,242,2
"426","tiv_framewise","140-l-0420981-0051273-zatch-trance-pad-2-edit","roman_diss",2020-05-26 20:05:48,243,2
"427","tiv_whole","140-l-0420981-0051273-zatch-trance-pad-2-edit","roman_diss",2020-05-26 13:55:55,244,2
"428","tiv_whole","140-l-0420981-0051273-zatch-trance-pad-2-edit","tiv_framewise",2020-05-26 14:00:56,255,2
"429","hutchinson","140-l-0420981-0051273-zatch-trance-pad-2-edit","tiv_framewise",2020-05-26 14:01:05,256,2
"430","inharmonicity","140-l-0420981-0051273-zatch-trance-pad-2-edit","tiv_framewise",2020-05-26 14:10:10,259,2
"431","p_harmon","140-l-0420981-0051273-zatch-trance-pad-2-edit","hutchinson",2020-05-26 14:14:20,264,2
"432","inharmonicity","140-l-0420981-0051273-zatch-trance-pad-2-edit","hutchinson",2020-05-26 14:21:11,266,2
"433","inharmonicity","140-l-0420981-0051273-zatch-trance-pad-2-edit","e_dissonance",2020-05-26 14:22:10,269,2
"434","tiv_beatwise","140-l-0643834-0056295-xray731-trap-muzik-ar","mashability",2020-05-26 14:23:33,272,2
"435","tiv_framewise","140-l-0643834-0056295-xray731-trap-muzik-ar","mashability",2020-05-26 14:26:25,273,2
"436","hutchinson","140-l-0643834-0056295-xray731-trap-muzik-ar","mashability",2020-05-26 14:27:05,275,2
"437","p_harmon","140-l-0643834-0056295-xray731-trap-muzik-ar","mashability",2020-05-26 14:27:21,276,2
"438","e_dissonance","140-l-0643834-0056295-xray731-trap-muzik-ar","mashability",2020-05-26 14:27:37,277,2
"439","inharmonicity","140-l-0643834-0056295-xray731-trap-muzik-ar","mashability",2020-05-26 14:27:59,278,2
"440","roman_diss","140-l-0643834-0056295-xray731-trap-muzik-ar","mashability_onlyh",2020-05-26 14:28:19,279,2
"441","tiv_beatwise","140-l-0643834-0056295-xray731-trap-muzik-ar","mashability_onlyh",2020-05-26 14:28:36,280,2
"442","tiv_framewise","140-l-0643834-0056295-xray731-trap-muzik-ar","mashability_onlyh",2020-05-26 14:28:46,281,2
"443","tiv_framewise","140-l-0643834-0056295-xray731-trap-muzik-ar","mashability_onlyh",2020-05-30 23:30:45,281,2
"444","hutchinson","140-l-0643834-0056295-xray731-trap-muzik-ar","mashability_onlyh",2020-05-26 14:29:07,283,2
"445","hutchinson","140-l-0643834-0056295-xray731-trap-muzik-ar","mashability_onlyh",2020-05-30 23:30:28,283,2
"446","p_harmon","140-l-0643834-0056295-xray731-trap-muzik-ar","mashability_onlyh",2020-05-30 23:30:16,284,2
"447","p_harmon","140-l-0643834-0056295-xray731-trap-muzik-ar","mashability_onlyh",2020-05-26 14:29:12,284,2
"448","e_dissonance","140-l-0643834-0056295-xray731-trap-muzik-ar","mashability_onlyh",2020-05-30 23:29:59,285,2
"449","e_dissonance","140-l-0643834-0056295-xray731-trap-muzik-ar","mashability_onlyh",2020-05-26 14:29:16,285,2
"450","inharmonicity","140-l-0643834-0056295-xray731-trap-muzik-ar","mashability_onlyh",2020-05-26 14:29:21,286,2
"451","inharmonicity","140-l-0643834-0056295-xray731-trap-muzik-ar","mashability_onlyh",2020-05-30 23:29:51,286,2
"452","tiv_beatwise","140-l-0643834-0056295-xray731-trap-muzik-ar","roman_diss",2020-05-26 14:29:25,287,2
"453","hutchinson","140-l-0643834-0056295-xray731-trap-muzik-ar","roman_diss",2020-05-30 23:28:41,290,2
"454","inharmonicity","140-l-0643834-0056295-xray731-trap-muzik-ar","roman_diss",2020-05-30 23:27:45,293,2
"455","inharmonicity","140-l-0643834-0056295-xray731-trap-muzik-ar","roman_diss",2020-05-26 14:39:53,293,2
"456","tiv_framewise","140-l-0643834-0056295-xray731-trap-muzik-ar","tiv_beatwise",2020-05-30 23:26:11,294,2
"457","hutchinson","140-l-0643834-0056295-xray731-trap-muzik-ar","tiv_beatwise",2020-05-30 09:34:59,296,2
"458","inharmonicity","140-l-0643834-0056295-xray731-trap-muzik-ar","tiv_beatwise",2020-05-30 09:34:29,299,2
"459","inharmonicity","140-l-0643834-0056295-xray731-trap-muzik-ar","tiv_beatwise",2020-05-26 14:41:34,299,2
"460","hutchinson","140-l-0643834-0056295-xray731-trap-muzik-ar","tiv_framewise",2020-05-26 14:42:08,301,2
"461","hutchinson","140-l-0643834-0056295-xray731-trap-muzik-ar","tiv_framewise",2020-05-30 09:33:59,301,2
"462","e_dissonance","140-l-0643834-0056295-xray731-trap-muzik-ar","tiv_framewise",2020-05-26 14:50:37,303,2
"463","inharmonicity","140-l-0643834-0056295-xray731-trap-muzik-ar","tiv_framewise",2020-05-30 09:33:24,304,2
"464","inharmonicity","140-l-0643834-0056295-xray731-trap-muzik-ar","tiv_framewise",2020-05-26 15:14:36,304,2
"465","hutchinson","140-l-0643834-0056295-xray731-trap-muzik-ar","tiv_whole",2020-05-30 09:33:09,305,2
"466","hutchinson","140-l-0643834-0056295-xray731-trap-muzik-ar","tiv_whole",2020-05-26 15:15:08,305,2
"467","p_harmon","140-l-0643834-0056295-xray731-trap-muzik-ar","tiv_whole",2020-05-26 15:15:27,306,2
"468","inharmonicity","140-l-0643834-0056295-xray731-trap-muzik-ar","tiv_whole",2020-05-30 09:32:18,308,2
"469","inharmonicity","140-l-0643834-0056295-xray731-trap-muzik-ar","tiv_whole",2020-05-26 15:16:04,308,2
"470","inharmonicity","140-l-0643834-0056295-xray731-trap-muzik-ar","hutchinson",2020-05-26 15:25:41,311,2
"471","inharmonicity","140-l-0643834-0056295-xray731-trap-muzik-ar","hutchinson",2020-05-29 09:07:59,311,2
"472","inharmonicity","140-l-0643834-0056295-xray731-trap-muzik-ar","p_harmon",2020-05-29 09:07:38,313,2
"473","inharmonicity","140-l-0643834-0056295-xray731-trap-muzik-ar","p_harmon",2020-05-26 15:26:24,313,2
"474","inharmonicity","140-l-0643834-0056295-xray731-trap-muzik-ar","e_dissonance",2020-05-29 09:07:13,314,2
"475","inharmonicity","140-l-0643834-0056295-xray731-trap-muzik-ar","e_dissonance",2020-05-26 15:26:35,314,2
"476","roman_diss","140-l-0857244-0070940-rojo95-lights-remix-vocal-2","mashability",2020-05-26 15:27:34,316,2
"477","tiv_beatwise","140-l-0857244-0070940-rojo95-lights-remix-vocal-2","mashability",2020-05-29 09:06:14,317,2
"478","tiv_framewise","140-l-0857244-0070940-rojo95-lights-remix-vocal-2","mashability",2020-05-26 15:28:09,318,2
"479","hutchinson","140-l-0857244-0070940-rojo95-lights-remix-vocal-2","mashability",2020-05-26 15:28:39,320,2
"480","inharmonicity","140-l-0857244-0070940-rojo95-lights-remix-vocal-2","mashability",2020-05-29 09:04:27,323,2
"481","inharmonicity","140-l-0857244-0070940-rojo95-lights-remix-vocal-2","mashability",2020-05-26 15:29:25,323,2
"482","roman_diss","140-l-0857244-0070940-rojo95-lights-remix-vocal-2","mashability_onlyh",2020-05-26 15:29:39,324,2
"483","tiv_framewise","140-l-0857244-0070940-rojo95-lights-remix-vocal-2","mashability_onlyh",2020-05-26 15:40:04,326,2
"484","tiv_whole","140-l-0857244-0070940-rojo95-lights-remix-vocal-2","mashability_onlyh",2020-05-26 15:40:49,327,2
"485","inharmonicity","140-l-0857244-0070940-rojo95-lights-remix-vocal-2","mashability_onlyh",2020-05-26 15:42:47,331,2
"486","tiv_framewise","140-l-0857244-0070940-rojo95-lights-remix-vocal-2","roman_diss",2020-05-26 15:43:30,333,2
"487","inharmonicity","140-l-0857244-0070940-rojo95-lights-remix-vocal-2","roman_diss",2020-05-26 15:45:08,338,2
"488","tiv_framewise","140-l-0857244-0070940-rojo95-lights-remix-vocal-2","tiv_beatwise",2020-05-26 15:45:22,339,2
"489","tiv_whole","140-l-0857244-0070940-rojo95-lights-remix-vocal-2","tiv_beatwise",2020-05-26 15:45:40,340,2
"490","hutchinson","140-l-0857244-0070940-rojo95-lights-remix-vocal-2","tiv_beatwise",2020-05-27 18:13:19,341,2
"491","p_harmon","140-l-0857244-0070940-rojo95-lights-remix-vocal-2","tiv_beatwise",2020-05-27 18:13:06,342,2
"492","inharmonicity","140-l-0857244-0070940-rojo95-lights-remix-vocal-2","tiv_beatwise",2020-05-26 16:12:22,344,2
"493","tiv_whole","140-l-0857244-0070940-rojo95-lights-remix-vocal-2","tiv_framewise",2020-05-26 16:12:56,345,2
"494","tiv_whole","140-l-0857244-0070940-rojo95-lights-remix-vocal-2","tiv_framewise",2020-05-27 18:11:59,345,2
"495","p_harmon","140-l-0857244-0070940-rojo95-lights-remix-vocal-2","tiv_framewise",2020-05-27 18:11:16,347,2
"496","hutchinson","140-l-0857244-0070940-rojo95-lights-remix-vocal-2","tiv_whole",2020-05-27 18:10:16,350,2
"497","hutchinson","140-l-0857244-0070940-rojo95-lights-remix-vocal-2","tiv_whole",2020-05-26 16:16:53,350,2
"498","p_harmon","140-l-0857244-0070940-rojo95-lights-remix-vocal-2","tiv_whole",2020-05-27 18:09:56,351,2
"499","e_dissonance","140-l-0857244-0070940-rojo95-lights-remix-vocal-2","tiv_whole",2020-05-26 16:17:36,352,2
"500","inharmonicity","140-l-0857244-0070940-rojo95-lights-remix-vocal-2","tiv_whole",2020-05-27 18:08:55,353,2
"501","inharmonicity","140-l-0857244-0070940-rojo95-lights-remix-vocal-2","hutchinson",2020-05-26 16:22:18,356,2
"502","inharmonicity","140-l-0857244-0070940-rojo95-lights-remix-vocal-2","hutchinson",2020-05-27 15:45:40,356,2
"503","e_dissonance","140-l-0857244-0070940-rojo95-lights-remix-vocal-2","p_harmon",2020-05-26 16:23:24,357,2
"504","inharmonicity","140-l-0857244-0070940-rojo95-lights-remix-vocal-2","p_harmon",2020-05-27 15:03:31,358,2
"505","inharmonicity","140-l-0857244-0070940-rojo95-lights-remix-vocal-2","p_harmon",2020-05-26 16:23:47,358,2
"506","inharmonicity","140-l-0857244-0070940-rojo95-lights-remix-vocal-2","e_dissonance",2020-05-27 15:02:31,359,2
"507","roman_diss","140-l-0920952-0134130-bass-never-turn-back-akaleboss","mashability",2020-05-26 16:27:06,361,2
"508","tiv_beatwise","140-l-0920952-0134130-bass-never-turn-back-akaleboss","mashability",2020-05-26 16:27:47,362,2
"509","tiv_beatwise","140-l-0920952-0134130-bass-never-turn-back-akaleboss","mashability",2020-05-27 13:32:00,362,2
"510","tiv_framewise","140-l-0920952-0134130-bass-never-turn-back-akaleboss","mashability",2020-05-26 16:28:06,363,2
"511","tiv_whole","140-l-0920952-0134130-bass-never-turn-back-akaleboss","mashability",2020-05-26 16:28:19,364,2
"512","tiv_whole","140-l-0920952-0134130-bass-never-turn-back-akaleboss","mashability",2020-05-27 13:31:05,364,2
"513","hutchinson","140-l-0920952-0134130-bass-never-turn-back-akaleboss","mashability",2020-05-26 16:28:28,365,2
"514","p_harmon","140-l-0920952-0134130-bass-never-turn-back-akaleboss","mashability",2020-05-26 16:29:01,366,2
"515","e_dissonance","140-l-0920952-0134130-bass-never-turn-back-akaleboss","mashability",2020-05-26 16:29:18,367,2
"516","inharmonicity","140-l-0920952-0134130-bass-never-turn-back-akaleboss","mashability",2020-05-26 16:29:37,368,2
"517","tiv_beatwise","140-l-0920952-0134130-bass-never-turn-back-akaleboss","mashability_onlyh",2020-05-26 16:30:37,370,2
"518","tiv_beatwise","140-l-0920952-0134130-bass-never-turn-back-akaleboss","mashability_onlyh",2020-05-27 13:27:50,370,2
"519","tiv_whole","140-l-0920952-0134130-bass-never-turn-back-akaleboss","mashability_onlyh",2020-05-26 20:06:47,372,2
"520","tiv_whole","140-l-0920952-0134130-bass-never-turn-back-akaleboss","mashability_onlyh",2020-05-27 13:26:58,372,2
"521","p_harmon","140-l-0920952-0134130-bass-never-turn-back-akaleboss","mashability_onlyh",2020-05-27 13:25:09,374,2
"522","p_harmon","140-l-0920952-0134130-bass-never-turn-back-akaleboss","mashability_onlyh",2020-05-26 20:07:52,374,2
"523","e_dissonance","140-l-0920952-0134130-bass-never-turn-back-akaleboss","mashability_onlyh",2020-05-27 12:35:50,375,2
"524","inharmonicity","140-l-0920952-0134130-bass-never-turn-back-akaleboss","mashability_onlyh",2020-05-27 12:35:38,376,2
"525","inharmonicity","140-l-0920952-0134130-bass-never-turn-back-akaleboss","mashability_onlyh",2020-05-26 20:08:42,376,2
"526","tiv_beatwise","140-l-0920952-0134130-bass-never-turn-back-akaleboss","roman_diss",2020-05-26 20:09:14,377,2
"527","tiv_beatwise","140-l-0920952-0134130-bass-never-turn-back-akaleboss","roman_diss",2020-05-27 12:35:21,377,2
"528","tiv_framewise","140-l-0920952-0134130-bass-never-turn-back-akaleboss","roman_diss",2020-05-26 21:33:28,378,2
"529","tiv_whole","140-l-0920952-0134130-bass-never-turn-back-akaleboss","roman_diss",2020-05-27 12:34:53,379,2
"530","tiv_whole","140-l-0920952-0134130-bass-never-turn-back-akaleboss","roman_diss",2020-05-26 21:33:55,379,2
"531","p_harmon","140-l-0920952-0134130-bass-never-turn-back-akaleboss","roman_diss",2020-05-26 21:34:34,381,2
"532","p_harmon","140-l-0920952-0134130-bass-never-turn-back-akaleboss","roman_diss",2020-05-27 12:34:36,381,2
"533","e_dissonance","140-l-0920952-0134130-bass-never-turn-back-akaleboss","roman_diss",2020-05-26 21:34:52,382,2
"534","inharmonicity","140-l-0920952-0134130-bass-never-turn-back-akaleboss","roman_diss",2020-05-27 12:34:05,383,2
"535","inharmonicity","140-l-0920952-0134130-bass-never-turn-back-akaleboss","roman_diss",2020-05-26 21:35:08,383,2
"536","tiv_whole","140-l-0920952-0134130-bass-never-turn-back-akaleboss","tiv_beatwise",2020-05-26 21:35:59,385,2
"537","inharmonicity","140-l-0920952-0134130-bass-never-turn-back-akaleboss","tiv_beatwise",2020-05-26 21:37:01,389,2
"538","tiv_whole","140-l-0920952-0134130-bass-never-turn-back-akaleboss","tiv_framewise",2020-05-27 09:30:12,390,2
"539","tiv_whole","140-l-0920952-0134130-bass-never-turn-back-akaleboss","tiv_framewise",2020-05-26 21:37:11,390,2
"540","hutchinson","140-l-0920952-0134130-bass-never-turn-back-akaleboss","tiv_framewise",2020-05-27 09:29:55,391,2
"541","p_harmon","140-l-0920952-0134130-bass-never-turn-back-akaleboss","tiv_framewise",2020-05-26 21:37:35,392,2
"542","p_harmon","140-l-0920952-0134130-bass-never-turn-back-akaleboss","tiv_framewise",2020-05-27 09:29:29,392,2
"543","e_dissonance","140-l-0920952-0134130-bass-never-turn-back-akaleboss","tiv_framewise",2020-05-27 09:29:16,393,2
"544","inharmonicity","140-l-0920952-0134130-bass-never-turn-back-akaleboss","tiv_framewise",2020-05-27 00:51:51,394,2
"545","inharmonicity","140-l-0920952-0134130-bass-never-turn-back-akaleboss","tiv_framewise",2020-05-27 09:29:04,394,2
"546","p_harmon","140-l-0920952-0134130-bass-never-turn-back-akaleboss","hutchinson",2020-05-27 09:26:24,399,2
"547","inharmonicity","140-l-0920952-0134130-bass-never-turn-back-akaleboss","hutchinson",2020-05-27 00:53:55,401,2
"548","inharmonicity","140-l-0920952-0134130-bass-never-turn-back-akaleboss","hutchinson",2020-05-27 09:25:57,401,2
"549","inharmonicity","140-l-0920952-0134130-bass-never-turn-back-akaleboss","p_harmon",2020-05-27 00:54:24,403,2
"550","inharmonicity","140-l-0920952-0134130-bass-never-turn-back-akaleboss","e_dissonance",2020-05-27 00:54:32,404,2
"551","inharmonicity","140-l-0920952-0134130-bass-never-turn-back-akaleboss","e_dissonance",2020-05-27 09:24:23,404,2
